{"cameraMode":{"drawMode":0,"name":"Shaded","section":"Shading Mode"},"sceneLighting":false,"audioPlay":false,"sceneViewState":{"m_AlwaysRefresh":false,"showFog":true,"showSkybox":false,"showFlares":true,"showImageEffects":true,"showParticleSystems":true,"showVisualEffectGraphs":true,"m_FxEnabled":true},"in2DMode":false,"pivot":{"x":4.699999809265137,"y":8.300000190734864,"z":5.599999904632568},"rotation":{"x":0.04795826971530914,"y":0.24583257734775544,"z":-0.01217777468264103,"w":0.9680622816085815},"size":27.521657943725587,"orthographic":true}